{
  "KHEL": [
    430,
    155,
    162,
    891,
    892,
    475,
    875,
    1156,
    1160,
    1165,
    1167,
    514,
    523,
    524,
    525,
    526,
    204,
    460,
    159,
    160,
    362,
    461,
    1161,
    1166,
    1294
  ],
  "HD Channels": [
    1173,
    1159,
    952,
    1174,
    1187,
    964,
    1186,
    1099,
    961,
    1175,
    1176,
    1193,
    551,
    935,
    421,
    966,
    960,
    1102,
    1081,
    1080,
    888,
    1162,
    158,
    367,
    443,
    368,
    317,
    758,
    759,
    931,
    181,
    336,
    370,
    458,
    156,
    457,
    760,
    459,
    460,
    159,
    160,
    461,
    1161,
    1166,
    1212,
    1216,
    1217,
    1219,
    1220,
    1221,
    1222,
    1223,
    1224,
    1225,
    1226,
    1228,
    1230,
    1268,
    1269,
    1270,
    1271,
    1283,
    1284,
    1288,
    1289,
    1292,
    1297
  ],
  "Entertainment": [
    144,
    291,
    167,
    154,
    472,
    866,
    279,
    473,
    474,
    471,
    445,
    755,
    757,
    689,
    1157,
    638,
    628,
    196,
    625,
    756,
    224,
    481,
    1158,
    822,
    414,
    1171,
    527,
    528,
    202,
    532,
    429,
    896,
    536,
    538,
    629,
    533,
    539,
    540,
    419,
    844,
    847,
    785,
    857,
    897,
    900,
    901,
    904,
    919,
    951,
    959,
    189,
    963,
    796,
    722,
    634,
    648,
    688,
    690,
    824,
    691,
    198,
    765,
    623,
    635,
    692,
    1146,
    695,
    697,
    698,
    699,
    701,
    702,
    703,
    704,
    663,
    705,
    729,
    707,
    708,
    709,
    710,
    711,
    712,
    706,
    713,
    714,
    715,
    716,
    719,
    720,
    723,
    726,
    727,
    728,
    730,
    731,
    733,
    734,
    736,
    1076,
    1100,
    1144,
    1151,
    534,
    535,
    1232,
    158,
    367,
    443,
    368,
    317,
    758,
    759,
    931,
    181,
    336,
    370,
    458,
    1209
  ],
  "Movies": [
    476,
    833,
    165,
    482,
    762,
    834,
    483,
    185,
    484,
    182,
    487,
    486,
    894,
    485,
    488,
    678,
    413,
    680,
    899,
    415,
    681,
    151,
    877,
    153,
    417,
    686,
    685,
    477,
    252,
    684,
    462,
    682,
    478,
    738,
    946,
    809,
    841,
    683,
    679,
    1190,
    1202,
    883,
    908,
    1101,
    156,
    457,
    760,
    459,
    1258,
    1268,
    1269,
    1270,
    1281,
    1282,
    1295,
    1296
  ],
  "News": [
    383,
    173,
    1155,
    177,
    492,
    858,
    612,
    619,
    636,
    618,
    672,
    231,
    235,
    258,
    504,
    876,
    255,
    778,
    464,
    632,
    626,
    646,
    830,
    501,
    617,
    938,
    442,
    613,
    725,
    666,
    499,
    718,
    498,
    677,
    693,
    923,
    724,
    620,
    502,
    180,
    653,
    673,
    633,
    232,
    647,
    616,
    531,
    717,
    676,
    792,
    627,
    641,
    624,
    497,
    529,
    770,
    769,
    614,
    615,
    662,
    780,
    493,
    956,
    832,
    658,
    503,
    642,
    668,
    675,
    687,
    661,
    779,
    784,
    659,
    530,
    696,
    667,
    782,
    203,
    954,
    418,
    826,
    976,
    910,
    929,
    142,
    630,
    781,
    810,
    512,
    965,
    800,
    665,
    807,
    768,
    651,
    694,
    516,
    513,
    643,
    631,
    509,
    652,
    808,
    654,
    927,
    581,
    882,
    950,
    507,
    645,
    790,
    495,
    491,
    515,
    671,
    799,
    572,
    193,
    517,
    518,
    789,
    494,
    1170,
    791,
    973,
    771,
    506,
    1147,
    511,
    913,
    880,
    655,
    855,
    508,
    412,
    918,
    935,
    783,
    637,
    793,
    664,
    496,
    1149,
    522,
    843,
    520,
    885,
    970,
    944,
    933,
    936,
    846,
    917,
    656,
    465,
    842,
    911,
    916,
    1179,
    788,
    926,
    957,
    907,
    850,
    831,
    851,
    519,
    764,
    421,
    621,
    838,
    650,
    921,
    837,
    966,
    915,
    960,
    1102,
    920,
    787,
    974,
    958,
    975,
    767,
    805,
    1205,
    1210,
    1233,
    1246,
    1250,
    1251,
    1253,
    1257,
    1260,
    1261,
    1262,
    1263,
    1264,
    1274,
    1287,
    1291,
    1293,
    1297
  ],
  "Music": [
    1145,
    753,
    584,
    895,
    585,
    587,
    591,
    183,
    592,
    751,
    588,
    898,
    248,
    744,
    440,
    773,
    420,
    741,
    746,
    1189,
    740,
    589,
    845,
    250,
    803,
    743,
    639,
    748,
    1172,
    732,
    749,
    1188,
    742,
    735,
    441,
    903,
    747,
    905,
    737,
    1192,
    786,
    1103,
    739,
    1184,
    962,
    1267,
    1285,
    1286
  ],
  "Kids": [
    545,
    559,
    816,
    815,
    872,
    547,
    546,
    542,
    1079,
    817,
    543,
    554,
    544,
    557,
    555,
    290,
    553,
    558,
    166,
    550,
    551,
    874,
    873,
    548,
    1081,
    556,
    1080,
    1216,
    1226,
    1242,
    1243,
    1244
  ],
  "Infotainment": [
    463,
    821,
    146,
    254,
    286,
    164,
    566,
    575,
    578,
    568,
    871,
    576,
    569,
    579,
    577,
    567,
    1073,
    573,
    814,
    854,
    242,
    853,
    1075,
    906,
    583,
    570,
    422,
    775,
    774,
    541,
    852,
    580,
    582,
    888,
    1162,
    1219,
    1252,
    1265
  ],
  "Lifestyle": [
    479,
    561,
    560,
    562,
    574,
    565,
    571,
    1201,
    563,
    953,
    1182,
    797,
    1181,
    1225,
    1273,
    1290,
    1292
  ],
  "Business News": [657, 143, 259, 190, 489, 212, 490],
  "Devotional": [
    595,
    175,
    594,
    288,
    776,
    829,
    937,
    794,
    609,
    886,
    598,
    801,
    602,
    593,
    597,
    835,
    772,
    777,
    596,
    1191,
    828,
    955,
    607,
    934,
    466,
    924,
    977,
    599,
    856,
    611,
    939,
    601,
    605,
    603,
    879,
    887,
    608,
    912,
    606,
    972,
    1077,
    952,
    1174,
    1187,
    964,
    1186,
    1099,
    961,
    1078,
    802,
    1175,
    1176,
    1193,
    1212,
    1220,
    1221,
    1224,
    1230,
    1241,
    1254,
    1255,
    1256,
    1259,
    1277,
    1278,
    1284
  ],
  "Educational": [
    968,
    980,
    981,
    982,
    984,
    986,
    987,
    985,
    983,
    988,
    989,
    990,
    991,
    992,
    993,
    995,
    994,
    996,
    999,
    401,
    403,
    997,
    998,
    400,
    402,
    405,
    406,
    407,
    408,
    404,
    409,
    410,
    411,
    1069,
    1088,
    1089,
    1090,
    1091,
    1092,
    1093,
    1094,
    1070,
    1082,
    1071,
    1083,
    1084,
    1085,
    1086,
    1087,
    1227
  ],
  "Jio Darshan": [1173, 1159, 1217, 1222, 1223, 1228, 1271, 1283, 1288, 1289],
  "Shopping": [439]
}
